<?xml version="1.0" encoding="UTF-8"?>

<process name="员工请假流程" xmlns="http://jbpm.org/4.4/jpdl">
   <start name="start1" g="77,20,48,48">
      <transition name="to 提交申请" to="提交申请" g="-71,-17"/>
   </start>
   <end name="end1" g="77,352,48,48"/>
   <task name="总经理审批" g="55,268,92,52" assignee="wangxiaosheng">
      <transition name="to end1" to="end1" g="-47,-17"/>
   </task>
   <task name="部门经理审批" g="55,184,92,52" assignee="zhangxiaoyu">
      <transition name="同意" to="总经理审批" g="-26,-8"/>
   </task>
   <task name="提交申请" g="55,100,92,52" assignee="#{application.applicant.loginName}">
      <transition name="to 部门经理审批" to="部门经理审批" g="-96,-16"/>
   </task>
</process>