# Host: localhost  (Version: 5.0.51a-community-nt)
# Date: 2013-11-13 14:09:31
# Generator: MySQL-Front 5.3  (Build 4.7)

/*!40101 SET NAMES utf8 */;

#
# Source for table "itcast_applicationtemplate"
#

DROP TABLE IF EXISTS `itcast_applicationtemplate`;
CREATE TABLE `itcast_applicationtemplate` (
  `id` bigint(20) NOT NULL auto_increment,
  `name` varchar(255) default NULL,
  `processDefinitionKey` varchar(255) default NULL,
  `path` varchar(255) default NULL,
  PRIMARY KEY  (`id`)
) ENGINE=InnoDB AUTO_INCREMENT=6 DEFAULT CHARSET=utf8;

#
# Data for table "itcast_applicationtemplate"
#

INSERT INTO `itcast_applicationtemplate` VALUES (5,'请假模板','员工请假流程','E:\\workspace-sts-3.3.0\\.metadata\\.plugins\\org.eclipse.wst.server.core\\tmp0\\wtpwebapps\\GreenOA\\WEB-INF\\upload_files/2013/11/13/2f6b8a7b-6cc4-44d1-8f0e-7ffe3b9b754f');

#
# Source for table "itcast_department"
#

DROP TABLE IF EXISTS `itcast_department`;
CREATE TABLE `itcast_department` (
  `id` bigint(20) NOT NULL auto_increment,
  `name` varchar(255) default NULL,
  `description` varchar(255) default NULL,
  `parentId` bigint(20) default NULL,
  PRIMARY KEY  (`id`),
  KEY `FKB56F87C7729C9286` (`parentId`),
  CONSTRAINT `FKB56F87C7729C9286` FOREIGN KEY (`parentId`) REFERENCES `itcast_department` (`id`)
) ENGINE=InnoDB AUTO_INCREMENT=5 DEFAULT CHARSET=utf8;

#
# Data for table "itcast_department"
#

INSERT INTO `itcast_department` VALUES (1,'行政部','行政部职能说明',NULL),(2,'信息部','信息部职能说明',1),(3,'财务管理部','财务管理部职能说明',NULL),(4,'市场销售部','市场销售部职能说明',NULL);

#
# Source for table "itcast_privilege"
#

DROP TABLE IF EXISTS `itcast_privilege`;
CREATE TABLE `itcast_privilege` (
  `id` bigint(20) NOT NULL auto_increment,
  `url` varchar(255) default NULL,
  `name` varchar(255) default NULL,
  `icon` varchar(255) default NULL,
  `parentId` bigint(20) default NULL,
  PRIMARY KEY  (`id`),
  KEY `FK2A54CF9CE7D51427` (`parentId`),
  CONSTRAINT `FK2A54CF9CE7D51427` FOREIGN KEY (`parentId`) REFERENCES `itcast_privilege` (`id`)
) ENGINE=InnoDB AUTO_INCREMENT=27 DEFAULT CHARSET=utf8;

#
# Data for table "itcast_privilege"
#

INSERT INTO `itcast_privilege` VALUES (1,NULL,'系统管理','FUNC20082.gif',NULL),(2,'roleAction_list','岗位管理',NULL,1),(3,'departmentAction_list','部门管理',NULL,1),(4,'userAction_list','用户管理',NULL,1),(5,'roleAction_list','岗位列表',NULL,2),(6,'roleAction_delete','岗位删除',NULL,2),(7,'roleAction_add','岗位添加',NULL,2),(8,'roleAction_edit','岗位修改',NULL,2),(9,'departmentAction_list','部门列表',NULL,3),(10,'departmentAction_delete','部门删除',NULL,3),(11,'departmentAction_add','部门添加',NULL,3),(12,'departmentAction_edit','部门修改',NULL,3),(13,'userAction_list','用户列表',NULL,4),(14,'userAction_delete','用户删除',NULL,4),(15,'userAction_add','用户添加',NULL,4),(16,'userAction_edit','用户修改',NULL,4),(17,'userAction_initPassword','用户初始化密码',NULL,4),(18,NULL,'网上交流','FUNC20064.gif',NULL),(19,'forumManageAction_list','论坛管理',NULL,18),(20,'forumAction_list','论坛',NULL,18),(21,NULL,'审批流转','FUNC20057.gif',NULL),(22,'processDefinitionAction_list','审批流程管理',NULL,21),(23,'applicationTemplateAction_list','申请模板管理',NULL,21),(24,'flowAction_applicationTemplateList','起草申请',NULL,21),(25,'flowAction_myTaskList','待我审批',NULL,21),(26,'flowAction_myApplicationList','我的申请查询',NULL,21);

#
# Source for table "itcast_role"
#

DROP TABLE IF EXISTS `itcast_role`;
CREATE TABLE `itcast_role` (
  `id` bigint(20) NOT NULL auto_increment,
  `name` varchar(255) default NULL,
  `description` varchar(255) default NULL,
  PRIMARY KEY  (`id`)
) ENGINE=InnoDB AUTO_INCREMENT=7 DEFAULT CHARSET=utf8;

#
# Data for table "itcast_role"
#

INSERT INTO `itcast_role` VALUES (4,'员工','员工岗位说明'),(5,'部门经理','部门经理岗位说明'),(6,'总经理','总经理岗位说明');

#
# Source for table "itcast_role_privilege"
#

DROP TABLE IF EXISTS `itcast_role_privilege`;
CREATE TABLE `itcast_role_privilege` (
  `roleId` bigint(20) NOT NULL,
  `privilegeId` bigint(20) NOT NULL,
  PRIMARY KEY  (`privilegeId`,`roleId`),
  KEY `FK350BD81DB0E19C6E` (`privilegeId`),
  KEY `FK350BD81DBB0AE3B6` (`roleId`),
  CONSTRAINT `FK350BD81DB0E19C6E` FOREIGN KEY (`privilegeId`) REFERENCES `itcast_privilege` (`id`),
  CONSTRAINT `FK350BD81DBB0AE3B6` FOREIGN KEY (`roleId`) REFERENCES `itcast_role` (`id`)
) ENGINE=InnoDB DEFAULT CHARSET=utf8;

#
# Data for table "itcast_role_privilege"
#

INSERT INTO `itcast_role_privilege` VALUES (4,18),(5,18),(6,18),(4,20),(5,20),(6,20),(4,21),(5,21),(6,21),(4,22),(5,22),(6,22),(4,23),(5,23),(6,23),(4,24),(5,24),(6,24),(4,25),(5,25),(6,25),(4,26),(5,26),(6,26);

#
# Source for table "itcast_user"
#

DROP TABLE IF EXISTS `itcast_user`;
CREATE TABLE `itcast_user` (
  `id` bigint(20) NOT NULL auto_increment,
  `loginName` varchar(255) default NULL,
  `password` varchar(255) default NULL,
  `name` varchar(255) default NULL,
  `gender` varchar(255) default NULL,
  `phoneNumber` varchar(255) default NULL,
  `email` varchar(255) default NULL,
  `description` varchar(255) default NULL,
  `departmentId` bigint(20) default NULL,
  PRIMARY KEY  (`id`),
  KEY `FK4ADEC00F49BC32E` (`departmentId`),
  CONSTRAINT `FK4ADEC00F49BC32E` FOREIGN KEY (`departmentId`) REFERENCES `itcast_department` (`id`)
) ENGINE=InnoDB AUTO_INCREMENT=5 DEFAULT CHARSET=utf8;

#
# Data for table "itcast_user"
#

INSERT INTO `itcast_user` VALUES (1,'admin','21232f297a57a5a743894a0e4a801fc3','超级管理员',NULL,NULL,NULL,NULL,NULL),(2,'leiguorui','81dc9bdb52d04dc20036dbd8313ed055','雷国瑞','男','','','',NULL),(3,'zhangxiaoyu','81dc9bdb52d04dc20036dbd8313ed055','张晓宇','男','','','',NULL),(4,'wangxiaosheng','81dc9bdb52d04dc20036dbd8313ed055','王小参','男','','','',NULL);

#
# Source for table "itcast_forum"
#

DROP TABLE IF EXISTS `itcast_forum`;
CREATE TABLE `itcast_forum` (
  `id` bigint(20) NOT NULL auto_increment,
  `name` varchar(255) default NULL,
  `description` varchar(255) default NULL,
  `position` int(11) default NULL,
  `topicCount` int(11) default NULL,
  `articleCount` int(11) default NULL,
  `lastTopicId` bigint(20) default NULL,
  PRIMARY KEY  (`id`),
  UNIQUE KEY `lastTopicId` (`lastTopicId`),
  KEY `FK903A938C1D89DB14` (`lastTopicId`),
  CONSTRAINT `FK903A938C1D89DB14` FOREIGN KEY (`lastTopicId`) REFERENCES `itcast_topic` (`id`)
) ENGINE=InnoDB AUTO_INCREMENT=4 DEFAULT CHARSET=utf8;

#
# Data for table "itcast_forum"
#

INSERT INTO `itcast_forum` VALUES (1,'保险管理系统BUG反馈','保险管理系统BUG反馈,以帖子形式反馈上来,我会及时更改',1,3,5,3),(2,'文档管理系统BUG反馈','文档管理系统BUG反馈模块',2,0,0,NULL),(3,'呼叫中心系统BUG反馈','呼叫中心系统BUG反馈模块',3,0,0,NULL);

#
# Source for table "itcast_reply"
#

DROP TABLE IF EXISTS `itcast_reply`;
CREATE TABLE `itcast_reply` (
  `id` bigint(20) NOT NULL auto_increment,
  `title` varchar(255) default NULL,
  `content` longtext,
  `faceIcon` varchar(255) default NULL,
  `postTime` datetime default NULL,
  `ipAddr` varchar(255) default NULL,
  `authorId` bigint(20) default NULL,
  `topicId` bigint(20) default NULL,
  PRIMARY KEY  (`id`),
  KEY `FK90DF19551074626A` (`topicId`),
  KEY `FK90DF1955479FFEE0` (`authorId`),
  CONSTRAINT `FK90DF19551074626A` FOREIGN KEY (`topicId`) REFERENCES `itcast_topic` (`id`),
  CONSTRAINT `FK90DF1955479FFEE0` FOREIGN KEY (`authorId`) REFERENCES `itcast_user` (`id`)
) ENGINE=InnoDB AUTO_INCREMENT=3 DEFAULT CHARSET=utf8;

#
# Data for table "itcast_reply"
#

INSERT INTO `itcast_reply` VALUES (1,'回复：21234','<img alt=\"\" src=\"http://localhost:8080/GreenOA/fckeditor/editor/images/smiley/wangwang/11.gif\" />',NULL,'2013-11-12 11:20:14','0:0:0:0:0:0:0:1',2,3),(2,'回复：21234','<img alt=\"\" src=\"http://localhost:8080/GreenOA/fckeditor/editor/images/smiley/wangwang/19.gif\" />',NULL,'2013-11-12 11:22:56','0:0:0:0:0:0:0:1',1,3);

#
# Source for table "itcast_topic"
#

DROP TABLE IF EXISTS `itcast_topic`;
CREATE TABLE `itcast_topic` (
  `id` bigint(20) NOT NULL auto_increment,
  `title` varchar(255) default NULL,
  `content` longtext,
  `faceIcon` varchar(255) default NULL,
  `postTime` datetime default NULL,
  `ipAddr` varchar(255) default NULL,
  `authorId` bigint(20) default NULL,
  `type` int(11) default NULL,
  `replyCount` int(11) default NULL,
  `lastUpdateTime` datetime default NULL,
  `forumId` bigint(20) default NULL,
  `lastReplyId` bigint(20) default NULL,
  PRIMARY KEY  (`id`),
  UNIQUE KEY `lastReplyId` (`lastReplyId`),
  KEY `FK90FFD39AA28DE3CA` (`lastReplyId`),
  KEY `FK90FFD39A479FFEE0` (`authorId`),
  KEY `FK90FFD39A2B39ADCE` (`forumId`),
  CONSTRAINT `FK90FFD39A2B39ADCE` FOREIGN KEY (`forumId`) REFERENCES `itcast_forum` (`id`),
  CONSTRAINT `FK90FFD39A479FFEE0` FOREIGN KEY (`authorId`) REFERENCES `itcast_user` (`id`),
  CONSTRAINT `FK90FFD39AA28DE3CA` FOREIGN KEY (`lastReplyId`) REFERENCES `itcast_reply` (`id`)
) ENGINE=InnoDB AUTO_INCREMENT=4 DEFAULT CHARSET=utf8;

#
# Data for table "itcast_topic"
#

INSERT INTO `itcast_topic` VALUES (1,'表单提交不了','呵呵','1','2013-11-12 11:11:27','0:0:0:0:0:0:0:1',1,0,0,'2013-11-12 11:11:27',1,NULL),(2,'','<img alt=\"\" src=\"http://localhost:8080/GreenOA/fckeditor/editor/images/smiley/wangwang/58.gif\" />',NULL,'2013-11-12 11:18:14','0:0:0:0:0:0:0:1',2,0,0,'2013-11-12 11:18:14',1,NULL),(3,'21234','<img alt=\"\" src=\"http://localhost:8080/GreenOA/fckeditor/editor/images/smiley/wangwang/2.gif\" />',NULL,'2013-11-12 11:18:51','0:0:0:0:0:0:0:1',2,0,2,'2013-11-12 11:22:56',1,2);

#
# Source for table "itcast_application"
#

DROP TABLE IF EXISTS `itcast_application`;
CREATE TABLE `itcast_application` (
  `id` bigint(20) NOT NULL auto_increment,
  `title` varchar(255) default NULL,
  `applyTime` datetime default NULL,
  `path` varchar(255) default NULL,
  `status` varchar(255) default NULL,
  `applicationTemplateId` bigint(20) default NULL,
  `applicantId` bigint(20) default NULL,
  PRIMARY KEY  (`id`),
  KEY `FK35EB4F7BE40A6B40` (`applicationTemplateId`),
  KEY `FK35EB4F7B4ED67A97` (`applicantId`),
  CONSTRAINT `FK35EB4F7B4ED67A97` FOREIGN KEY (`applicantId`) REFERENCES `itcast_user` (`id`),
  CONSTRAINT `FK35EB4F7BE40A6B40` FOREIGN KEY (`applicationTemplateId`) REFERENCES `itcast_applicationtemplate` (`id`)
) ENGINE=InnoDB AUTO_INCREMENT=10 DEFAULT CHARSET=utf8;

#
# Data for table "itcast_application"
#

INSERT INTO `itcast_application` VALUES (1,'123_超级管理员_2013-11-12','2013-11-12 13:36:05','E:\\workspace-sts-3.3.0\\.metadata\\.plugins\\org.eclipse.wst.server.core\\tmp0\\wtpwebapps\\GreenOA\\WEB-INF\\upload_files/2013/11/12/9a3cff4c-379c-42c0-a46c-b5a51da9d688','审批中',NULL,1),(2,'123_超级管理员_2013-11-12','2013-11-12 13:36:54','E:\\workspace-sts-3.3.0\\.metadata\\.plugins\\org.eclipse.wst.server.core\\tmp0\\wtpwebapps\\GreenOA\\WEB-INF\\upload_files/2013/11/12/44a45c0d-d971-47a4-84bc-5219d806e0b6','审批中',NULL,1),(3,'123_超级管理员_2013-11-12','2013-11-12 13:41:29','E:\\workspace-sts-3.3.0\\.metadata\\.plugins\\org.eclipse.wst.server.core\\tmp0\\wtpwebapps\\GreenOA\\WEB-INF\\upload_files/2013/11/12/3566a641-c530-4b36-8e07-87e9ff0cb153','审批中',NULL,1),(5,'员工请假_雷国瑞_2013-11-13','2013-11-13 13:06:38','E:\\workspace-sts-3.3.0\\.metadata\\.plugins\\org.eclipse.wst.server.core\\tmp0\\wtpwebapps\\GreenOA\\WEB-INF\\upload_files/2013/11/13/10d8b544-a28b-4d52-a9f6-1574ea6893d5','审批中',NULL,2),(6,'费用报销_雷国瑞_2013-11-13','2013-11-13 13:11:37','E:\\workspace-sts-3.3.0\\.metadata\\.plugins\\org.eclipse.wst.server.core\\tmp0\\wtpwebapps\\GreenOA\\WEB-INF\\upload_files/2013/11/13/36c9d9c2-e66e-4a82-bd8c-3a185659509f','审批中',NULL,2),(7,'员工请假_雷国瑞_2013-11-13','2013-11-13 13:24:04','E:\\workspace-sts-3.3.0\\.metadata\\.plugins\\org.eclipse.wst.server.core\\tmp0\\wtpwebapps\\GreenOA\\WEB-INF\\upload_files/2013/11/13/23551480-99ac-4e07-bf53-e87e8ea4a549','审批中',NULL,2),(8,'请假_雷国瑞_2013-11-13','2013-11-13 13:44:10','E:\\workspace-sts-3.3.0\\.metadata\\.plugins\\org.eclipse.wst.server.core\\tmp0\\wtpwebapps\\GreenOA\\WEB-INF\\upload_files/2013/11/13/eb97cf0d-f892-4f36-9eac-825d1021d7b2','审批中',NULL,2),(9,'请假模板_雷国瑞_2013-11-13','2013-11-13 14:04:49','E:\\workspace-sts-3.3.0\\.metadata\\.plugins\\org.eclipse.wst.server.core\\tmp0\\wtpwebapps\\GreenOA\\WEB-INF\\upload_files/2013/11/13/92dc8cc0-c2ea-4801-8df2-0c986f7e2a1e','已通过',5,2);

#
# Source for table "itcast_approveinfo"
#

DROP TABLE IF EXISTS `itcast_approveinfo`;
CREATE TABLE `itcast_approveinfo` (
  `id` bigint(20) NOT NULL auto_increment,
  `approveTime` datetime default NULL,
  `approval` bit(1) default NULL,
  `comment` varchar(255) default NULL,
  `applicationId` bigint(20) default NULL,
  `approverId` bigint(20) default NULL,
  PRIMARY KEY  (`id`),
  KEY `FK328B7C666B0C5AC` (`applicationId`),
  KEY `FK328B7C6251BDD9A` (`approverId`),
  CONSTRAINT `FK328B7C6251BDD9A` FOREIGN KEY (`approverId`) REFERENCES `itcast_user` (`id`),
  CONSTRAINT `FK328B7C666B0C5AC` FOREIGN KEY (`applicationId`) REFERENCES `itcast_application` (`id`)
) ENGINE=InnoDB AUTO_INCREMENT=3 DEFAULT CHARSET=utf8;

#
# Data for table "itcast_approveinfo"
#

INSERT INTO `itcast_approveinfo` VALUES (1,'2013-11-13 14:05:53',b'1','好的',9,3),(2,'2013-11-13 14:06:32',b'1','同意吧',9,4);

#
# Source for table "itcast_user_role"
#

DROP TABLE IF EXISTS `itcast_user_role`;
CREATE TABLE `itcast_user_role` (
  `userId` bigint(20) NOT NULL,
  `roleId` bigint(20) NOT NULL,
  PRIMARY KEY  (`roleId`,`userId`),
  KEY `FK9C95CD55BB0AE3B6` (`roleId`),
  KEY `FK9C95CD55C0603920` (`userId`),
  CONSTRAINT `FK9C95CD55BB0AE3B6` FOREIGN KEY (`roleId`) REFERENCES `itcast_role` (`id`),
  CONSTRAINT `FK9C95CD55C0603920` FOREIGN KEY (`userId`) REFERENCES `itcast_user` (`id`)
) ENGINE=InnoDB DEFAULT CHARSET=utf8;

#
# Data for table "itcast_user_role"
#

INSERT INTO `itcast_user_role` VALUES (2,4),(3,5),(4,6);

#
# Source for table "jbpm4_deployment"
#

DROP TABLE IF EXISTS `jbpm4_deployment`;
CREATE TABLE `jbpm4_deployment` (
  `DBID_` bigint(20) NOT NULL,
  `NAME_` longtext,
  `TIMESTAMP_` bigint(20) default NULL,
  `STATE_` varchar(255) default NULL,
  PRIMARY KEY  (`DBID_`)
) ENGINE=InnoDB DEFAULT CHARSET=utf8;

#
# Data for table "jbpm4_deployment"
#

INSERT INTO `jbpm4_deployment` VALUES (70001,NULL,0,'active');

#
# Source for table "jbpm4_deployprop"
#

DROP TABLE IF EXISTS `jbpm4_deployprop`;
CREATE TABLE `jbpm4_deployprop` (
  `DBID_` bigint(20) NOT NULL,
  `DEPLOYMENT_` bigint(20) default NULL,
  `OBJNAME_` varchar(255) default NULL,
  `KEY_` varchar(255) default NULL,
  `STRINGVAL_` varchar(255) default NULL,
  `LONGVAL_` bigint(20) default NULL,
  PRIMARY KEY  (`DBID_`),
  KEY `FK_DEPLPROP_DEPL` (`DEPLOYMENT_`),
  CONSTRAINT `FK_DEPLPROP_DEPL` FOREIGN KEY (`DEPLOYMENT_`) REFERENCES `jbpm4_deployment` (`DBID_`)
) ENGINE=InnoDB DEFAULT CHARSET=utf8;

#
# Data for table "jbpm4_deployprop"
#

INSERT INTO `jbpm4_deployprop` VALUES (70004,70001,'员工请假流程','langid','jpdl-4.4',NULL),(70005,70001,'员工请假流程','pdid','员工请假流程-1',NULL),(70006,70001,'员工请假流程','pdkey','员工请假流程',NULL),(70007,70001,'员工请假流程','pdversion',NULL,1);

#
# Source for table "jbpm4_execution"
#

DROP TABLE IF EXISTS `jbpm4_execution`;
CREATE TABLE `jbpm4_execution` (
  `DBID_` bigint(20) NOT NULL,
  `CLASS_` varchar(255) NOT NULL,
  `DBVERSION_` int(11) NOT NULL,
  `ACTIVITYNAME_` varchar(255) default NULL,
  `PROCDEFID_` varchar(255) default NULL,
  `HASVARS_` bit(1) default NULL,
  `NAME_` varchar(255) default NULL,
  `KEY_` varchar(255) default NULL,
  `ID_` varchar(255) default NULL,
  `STATE_` varchar(255) default NULL,
  `SUSPHISTSTATE_` varchar(255) default NULL,
  `PRIORITY_` int(11) default NULL,
  `HISACTINST_` bigint(20) default NULL,
  `PARENT_` bigint(20) default NULL,
  `INSTANCE_` bigint(20) default NULL,
  `SUPEREXEC_` bigint(20) default NULL,
  `SUBPROCINST_` bigint(20) default NULL,
  `PARENT_IDX_` int(11) default NULL,
  PRIMARY KEY  (`DBID_`),
  UNIQUE KEY `ID_` (`ID_`),
  KEY `FK_EXEC_SUBPI` (`SUBPROCINST_`),
  KEY `FK_EXEC_INSTANCE` (`INSTANCE_`),
  KEY `FK_EXEC_SUPEREXEC` (`SUPEREXEC_`),
  KEY `FK_EXEC_PARENT` (`PARENT_`),
  CONSTRAINT `FK_EXEC_INSTANCE` FOREIGN KEY (`INSTANCE_`) REFERENCES `jbpm4_execution` (`DBID_`),
  CONSTRAINT `FK_EXEC_PARENT` FOREIGN KEY (`PARENT_`) REFERENCES `jbpm4_execution` (`DBID_`),
  CONSTRAINT `FK_EXEC_SUBPI` FOREIGN KEY (`SUBPROCINST_`) REFERENCES `jbpm4_execution` (`DBID_`),
  CONSTRAINT `FK_EXEC_SUPEREXEC` FOREIGN KEY (`SUPEREXEC_`) REFERENCES `jbpm4_execution` (`DBID_`)
) ENGINE=InnoDB DEFAULT CHARSET=utf8;

#
# Data for table "jbpm4_execution"
#


#
# Source for table "jbpm4_hist_procinst"
#

DROP TABLE IF EXISTS `jbpm4_hist_procinst`;
CREATE TABLE `jbpm4_hist_procinst` (
  `DBID_` bigint(20) NOT NULL,
  `DBVERSION_` int(11) NOT NULL,
  `ID_` varchar(255) default NULL,
  `PROCDEFID_` varchar(255) default NULL,
  `KEY_` varchar(255) default NULL,
  `START_` datetime default NULL,
  `END_` datetime default NULL,
  `DURATION_` bigint(20) default NULL,
  `STATE_` varchar(255) default NULL,
  `ENDACTIVITY_` varchar(255) default NULL,
  `NEXTIDX_` int(11) default NULL,
  PRIMARY KEY  (`DBID_`)
) ENGINE=InnoDB DEFAULT CHARSET=utf8;

#
# Data for table "jbpm4_hist_procinst"
#

INSERT INTO `jbpm4_hist_procinst` VALUES (70008,1,'员工请假流程.70008','员工请假流程-1',NULL,'2013-11-13 14:04:49','2013-11-13 14:06:32',103834,'ended','end1',1);

#
# Source for table "jbpm4_hist_task"
#

DROP TABLE IF EXISTS `jbpm4_hist_task`;
CREATE TABLE `jbpm4_hist_task` (
  `DBID_` bigint(20) NOT NULL,
  `DBVERSION_` int(11) NOT NULL,
  `EXECUTION_` varchar(255) default NULL,
  `OUTCOME_` varchar(255) default NULL,
  `ASSIGNEE_` varchar(255) default NULL,
  `PRIORITY_` int(11) default NULL,
  `STATE_` varchar(255) default NULL,
  `CREATE_` datetime default NULL,
  `END_` datetime default NULL,
  `DURATION_` bigint(20) default NULL,
  `NEXTIDX_` int(11) default NULL,
  `SUPERTASK_` bigint(20) default NULL,
  PRIMARY KEY  (`DBID_`),
  KEY `FK_HSUPERT_SUB` (`SUPERTASK_`),
  CONSTRAINT `FK_HSUPERT_SUB` FOREIGN KEY (`SUPERTASK_`) REFERENCES `jbpm4_hist_task` (`DBID_`)
) ENGINE=InnoDB DEFAULT CHARSET=utf8;

#
# Data for table "jbpm4_hist_task"
#

INSERT INTO `jbpm4_hist_task` VALUES (70010,1,'员工请假流程.70008','jbpm_no_task_outcome_specified_jbpm','leiguorui',0,'completed','2013-11-13 14:04:49','2013-11-13 14:04:49',15,1,NULL),(70012,1,'员工请假流程.70008','jbpm_no_task_outcome_specified_jbpm','zhangxiaoyu',0,'completed','2013-11-13 14:04:49','2013-11-13 14:05:53',64974,1,NULL),(70014,1,'员工请假流程.70008','jbpm_no_task_outcome_specified_jbpm','wangxiaosheng',0,'completed','2013-11-13 14:05:53','2013-11-13 14:06:32',39830,1,NULL);

#
# Source for table "jbpm4_hist_actinst"
#

DROP TABLE IF EXISTS `jbpm4_hist_actinst`;
CREATE TABLE `jbpm4_hist_actinst` (
  `DBID_` bigint(20) NOT NULL,
  `CLASS_` varchar(255) NOT NULL,
  `DBVERSION_` int(11) NOT NULL,
  `HPROCI_` bigint(20) default NULL,
  `TYPE_` varchar(255) default NULL,
  `EXECUTION_` varchar(255) default NULL,
  `ACTIVITY_NAME_` varchar(255) default NULL,
  `START_` datetime default NULL,
  `END_` datetime default NULL,
  `DURATION_` bigint(20) default NULL,
  `TRANSITION_` varchar(255) default NULL,
  `NEXTIDX_` int(11) default NULL,
  `HTASK_` bigint(20) default NULL,
  PRIMARY KEY  (`DBID_`),
  KEY `FK_HACTI_HPROCI` (`HPROCI_`),
  KEY `FK_HTI_HTASK` (`HTASK_`),
  CONSTRAINT `FK_HACTI_HPROCI` FOREIGN KEY (`HPROCI_`) REFERENCES `jbpm4_hist_procinst` (`DBID_`),
  CONSTRAINT `FK_HTI_HTASK` FOREIGN KEY (`HTASK_`) REFERENCES `jbpm4_hist_task` (`DBID_`)
) ENGINE=InnoDB DEFAULT CHARSET=utf8;

#
# Data for table "jbpm4_hist_actinst"
#

INSERT INTO `jbpm4_hist_actinst` VALUES (70011,'task',1,70008,'task','员工请假流程.70008','提交申请','2013-11-13 14:04:49','2013-11-13 14:04:49',22,'jbpm_no_task_outcome_specified_jbpm',1,70010),(70013,'task',1,70008,'task','员工请假流程.70008','部门经理审批','2013-11-13 14:04:49','2013-11-13 14:05:53',64971,'jbpm_no_task_outcome_specified_jbpm',1,70012),(70015,'task',1,70008,'task','员工请假流程.70008','总经理审批','2013-11-13 14:05:53','2013-11-13 14:06:32',39828,'jbpm_no_task_outcome_specified_jbpm',1,70014);

#
# Source for table "jbpm4_hist_var"
#

DROP TABLE IF EXISTS `jbpm4_hist_var`;
CREATE TABLE `jbpm4_hist_var` (
  `DBID_` bigint(20) NOT NULL,
  `DBVERSION_` int(11) NOT NULL,
  `PROCINSTID_` varchar(255) default NULL,
  `EXECUTIONID_` varchar(255) default NULL,
  `VARNAME_` varchar(255) default NULL,
  `VALUE_` varchar(255) default NULL,
  `HPROCI_` bigint(20) default NULL,
  `HTASK_` bigint(20) default NULL,
  PRIMARY KEY  (`DBID_`),
  KEY `FK_HVAR_HPROCI` (`HPROCI_`),
  KEY `FK_HVAR_HTASK` (`HTASK_`),
  CONSTRAINT `FK_HVAR_HPROCI` FOREIGN KEY (`HPROCI_`) REFERENCES `jbpm4_hist_procinst` (`DBID_`),
  CONSTRAINT `FK_HVAR_HTASK` FOREIGN KEY (`HTASK_`) REFERENCES `jbpm4_hist_task` (`DBID_`)
) ENGINE=InnoDB DEFAULT CHARSET=utf8;

#
# Data for table "jbpm4_hist_var"
#


#
# Source for table "jbpm4_hist_detail"
#

DROP TABLE IF EXISTS `jbpm4_hist_detail`;
CREATE TABLE `jbpm4_hist_detail` (
  `DBID_` bigint(20) NOT NULL,
  `CLASS_` varchar(255) NOT NULL,
  `DBVERSION_` int(11) NOT NULL,
  `USERID_` varchar(255) default NULL,
  `TIME_` datetime default NULL,
  `HPROCI_` bigint(20) default NULL,
  `HPROCIIDX_` int(11) default NULL,
  `HACTI_` bigint(20) default NULL,
  `HACTIIDX_` int(11) default NULL,
  `HTASK_` bigint(20) default NULL,
  `HTASKIDX_` int(11) default NULL,
  `HVAR_` bigint(20) default NULL,
  `HVARIDX_` int(11) default NULL,
  `MESSAGE_` longtext,
  `OLD_STR_` varchar(255) default NULL,
  `NEW_STR_` varchar(255) default NULL,
  `OLD_INT_` int(11) default NULL,
  `NEW_INT_` int(11) default NULL,
  `OLD_TIME_` datetime default NULL,
  `NEW_TIME_` datetime default NULL,
  `PARENT_` bigint(20) default NULL,
  `PARENT_IDX_` int(11) default NULL,
  PRIMARY KEY  (`DBID_`),
  KEY `FK_HDETAIL_HVAR` (`HVAR_`),
  KEY `FK_HDETAIL_HPROCI` (`HPROCI_`),
  KEY `FK_HDETAIL_HTASK` (`HTASK_`),
  KEY `FK_HDETAIL_HACTI` (`HACTI_`),
  CONSTRAINT `FK_HDETAIL_HACTI` FOREIGN KEY (`HACTI_`) REFERENCES `jbpm4_hist_actinst` (`DBID_`),
  CONSTRAINT `FK_HDETAIL_HPROCI` FOREIGN KEY (`HPROCI_`) REFERENCES `jbpm4_hist_procinst` (`DBID_`),
  CONSTRAINT `FK_HDETAIL_HTASK` FOREIGN KEY (`HTASK_`) REFERENCES `jbpm4_hist_task` (`DBID_`),
  CONSTRAINT `FK_HDETAIL_HVAR` FOREIGN KEY (`HVAR_`) REFERENCES `jbpm4_hist_var` (`DBID_`)
) ENGINE=InnoDB DEFAULT CHARSET=utf8;

#
# Data for table "jbpm4_hist_detail"
#


#
# Source for table "jbpm4_id_group"
#

DROP TABLE IF EXISTS `jbpm4_id_group`;
CREATE TABLE `jbpm4_id_group` (
  `DBID_` bigint(20) NOT NULL,
  `DBVERSION_` int(11) NOT NULL,
  `ID_` varchar(255) default NULL,
  `NAME_` varchar(255) default NULL,
  `TYPE_` varchar(255) default NULL,
  `PARENT_` bigint(20) default NULL,
  PRIMARY KEY  (`DBID_`),
  KEY `FK_GROUP_PARENT` (`PARENT_`),
  CONSTRAINT `FK_GROUP_PARENT` FOREIGN KEY (`PARENT_`) REFERENCES `jbpm4_id_group` (`DBID_`)
) ENGINE=InnoDB DEFAULT CHARSET=utf8;

#
# Data for table "jbpm4_id_group"
#


#
# Source for table "jbpm4_id_user"
#

DROP TABLE IF EXISTS `jbpm4_id_user`;
CREATE TABLE `jbpm4_id_user` (
  `DBID_` bigint(20) NOT NULL,
  `DBVERSION_` int(11) NOT NULL,
  `ID_` varchar(255) default NULL,
  `PASSWORD_` varchar(255) default NULL,
  `GIVENNAME_` varchar(255) default NULL,
  `FAMILYNAME_` varchar(255) default NULL,
  `BUSINESSEMAIL_` varchar(255) default NULL,
  PRIMARY KEY  (`DBID_`)
) ENGINE=InnoDB DEFAULT CHARSET=utf8;

#
# Data for table "jbpm4_id_user"
#


#
# Source for table "jbpm4_id_membership"
#

DROP TABLE IF EXISTS `jbpm4_id_membership`;
CREATE TABLE `jbpm4_id_membership` (
  `DBID_` bigint(20) NOT NULL,
  `DBVERSION_` int(11) NOT NULL,
  `USER_` bigint(20) default NULL,
  `GROUP_` bigint(20) default NULL,
  `NAME_` varchar(255) default NULL,
  PRIMARY KEY  (`DBID_`),
  KEY `FK_MEM_GROUP` (`GROUP_`),
  KEY `FK_MEM_USER` (`USER_`),
  CONSTRAINT `FK_MEM_GROUP` FOREIGN KEY (`GROUP_`) REFERENCES `jbpm4_id_group` (`DBID_`),
  CONSTRAINT `FK_MEM_USER` FOREIGN KEY (`USER_`) REFERENCES `jbpm4_id_user` (`DBID_`)
) ENGINE=InnoDB DEFAULT CHARSET=utf8;

#
# Data for table "jbpm4_id_membership"
#


#
# Source for table "jbpm4_lob"
#

DROP TABLE IF EXISTS `jbpm4_lob`;
CREATE TABLE `jbpm4_lob` (
  `DBID_` bigint(20) NOT NULL,
  `DBVERSION_` int(11) NOT NULL,
  `BLOB_VALUE_` longblob,
  `DEPLOYMENT_` bigint(20) default NULL,
  `NAME_` longtext,
  PRIMARY KEY  (`DBID_`),
  KEY `FK_LOB_DEPLOYMENT` (`DEPLOYMENT_`),
  CONSTRAINT `FK_LOB_DEPLOYMENT` FOREIGN KEY (`DEPLOYMENT_`) REFERENCES `jbpm4_deployment` (`DBID_`)
) ENGINE=InnoDB DEFAULT CHARSET=utf8;

#
# Data for table "jbpm4_lob"
#

INSERT INTO `jbpm4_lob` VALUES (70002,0,X'3C3F786D6C2076657273696F6E3D22312E302220656E636F64696E673D225554462D38223F3E0A0A3C70726F63657373206E616D653D22E59198E5B7A5E8AFB7E58187E6B581E7A88B2220786D6C6E733D22687474703A2F2F6A62706D2E6F72672F342E342F6A70646C223E0A2020203C7374617274206E616D653D227374617274312220673D2237372C32302C34382C3438223E0A2020202020203C7472616E736974696F6E206E616D653D22746F20E68F90E4BAA4E794B3E8AFB72220746F3D22E68F90E4BAA4E794B3E8AFB72220673D222D37312C2D3137222F3E0A2020203C2F73746172743E0A2020203C656E64206E616D653D22656E64312220673D2237372C3335322C34382C3438222F3E0A2020203C7461736B206E616D653D22E680BBE7BB8FE79086E5AEA1E689B92220673D2235352C3236382C39322C3532222061737369676E65653D2277616E677869616F7368656E67223E0A2020202020203C7472616E736974696F6E206E616D653D22746F20656E64312220746F3D22656E64312220673D222D34372C2D3137222F3E0A2020203C2F7461736B3E0A2020203C7461736B206E616D653D22E983A8E997A8E7BB8FE79086E5AEA1E689B92220673D2235352C3138342C39322C3532222061737369676E65653D227A68616E677869616F7975223E0A2020202020203C7472616E736974696F6E206E616D653D22E5908CE6848F2220746F3D22E680BBE7BB8FE79086E5AEA1E689B92220673D222D32362C2D38222F3E0A2020203C2F7461736B3E0A2020203C7461736B206E616D653D22E68F90E4BAA4E794B3E8AFB72220673D2235352C3130302C39322C3532222061737369676E65653D22237B6170706C69636174696F6E2E6170706C6963616E742E6C6F67696E4E616D657D223E0A2020202020203C7472616E736974696F6E206E616D653D22746F20E983A8E997A8E7BB8FE79086E5AEA1E689B92220746F3D22E983A8E997A8E7BB8FE79086E5AEA1E689B92220673D222D39362C2D3136222F3E0A2020203C2F7461736B3E0A3C2F70726F636573733E',70001,'process.jpdl.xml'),(70003,0,X'89504E470D0A1A0A0000000D49484452000002B1000001A9080200000015D5F9110000237A49444154789CEDDD2178AB3C1886E15F4E4E4E4E4E4E4E564E4E56565656562291482432128944462223914824F24FC8D6B14229F4B485D0E73EBD72713ACAD299BCF908F05F0500005055FF4DDD010000300B6402000060900900008041260000000699000000186402000060900900008041260000000699000000186402000060900900008041260000000699000000186402000060900900008041260000000699000000186402000060900900008041260000000699000000186402000060900900008041260000000699000000186482734AF32A7FB4B7A7EE1F0000D7412638ADAC6219F8D166EBBDAFF7AF5FBBE7AFDD8B6ED7BB17FDDF9DFFE147EB44864551100E00000B4026E8A007F850EC36DE9B1EFE7520D0B140A47E9627799915A5922A89539D15D65BFFE3ABDE21105B9D0CCAC2540E0000701499E05894787A98D78120145B55C8B2D2437D7EAACD0BA903C1C67BD71F11896792414932000038894CD050565EF8B5DEBF0662A3C7FBC20CFCDFAFB3DB3A19E80FFAD13ACFF3EFD506000038854CF0AD28F27DF0B9F33FD24CF4D7064EB55289ADFFA10FA2F2AC2C88050000C790096A65B50B567A382F4A35B642D0DC2E2AB5AF8F63AA05C402008053C8048617AE77FE871ED12FAB10345B9D0FB6F52509C40200805BC8045594ECD7FBD7FA94C1E51582E6B654421F304A3CD61600001CF2E899400FD8F662C27FAF10345B7B318252AAC80B320100C0090F9D09F4686D06EFFD9B5D0A50D46DD9DB1683B737DE5B2036B9CAED4D8D000098B947CF04F5C8BD2D4A65C6F2ABB63A106CBDF72CCB281500009CF0C099A0AC44E2AF772F328FF332FB79C96B6D6779F2B57BD1BFC29C412888050080B97BDC4CA007692F5CEBA9BC2AA47EE951DCB44577DBDC47958DEDF6FBC5EFF6D6FFF0C22F95A93CCF397D000098B947CD04655516E6C4811EB3B3225145AAA7F5996E8B469B37DEB7DB3F3F6DBEDFDC3FFBBBCF3EFCD299434AA9338159550000C08C3D6A2630372E2CD6FBD730DEE9B15CEAE1FCA7CD1ADB3F6DDC7AA7FFFDEF8384F17EBD7FC964A694E25E050080997BD04CA087679D09BE76CFB10C5225F4E89EAAB86ECDB66C6CA77FB645639FEEEDE6FE42FA5FBB97344DED92024E1F0000E6EC4133811E9EEB4CF09264911ED1CD10AEEA81FCCF76FC0FEF9B56BF74EC90A96499210060FE1E34131CEA043A13D8C13B55878DC3F690F6D4FEE69564A1FE15B64E60EF6938F5F70600E0A407CD04873A81487DF93BB49F7CC913DBFD2F7DF0EF3A41469D000030770F9A096C9D60BD7B09E3DDA810306A3B105BF32405BB9E20673D010060D61E3413D83AC1D67BDF879F6691E06D5E5EF8B5F1DE594F000070C28366025B27D081C0DC3FE0FB92C2CBDAA4E7A7F6FE07AC27000038E1413381AD1388C4FBDABD4825B222AD6F4974CD365562BD7B89124F4AEA040000073C6826B075023D546FBC773F5A1FEE52ACCC707E9D6D3FDA6CBCB72449CC7D0C793A220060F61E341354F57D0CF33CB723775E66C5EFE38BFEBC8A13DBA7F639BC367BF3C4459D09B22CE3C4010060FE1E3713E8415A0FD57AC0AE1F97BC31437BA5F2FA31C7FDDBC589EDE63E3A6A6CBDF7388ED334E571C90000273C742628F590AE54649E4AF09A66428FE5659517555EB7A7B64FB5BFFBE8436DCC9314F69C38000038E4713381A633819EC1EB79BC177E6DFD0F33EFAF07F5B231D88FDDD63163573F22D91609EC839229120000E6EFA13381BDFA40CFE3F56C7E1F7CEAD7CF185F5CD6EA54511F67A503815949C013110100EE78EC4CF0B3AA408FDCA94CF458BEF53FA412975508D24CECFC8F9D0E0489B0670D5849000070C8A36782AAFC8D0532957EB85EEF5F03B11D5B21D01FD9EC5FED29031B08CC330E74202808040000373C7C26F8596C686241A6D2348DE2FDC67BB71723A842F657085491D669E06DEBBD87F1EE1008ECF5872C2D040038844C60FCC602A5F488AE93811EE9F530BFDEBDECFC0F3FDAC46990E589B9F2B0547A43A47E106DB6FEC77AFF5AA7876D2C4462F2C0778580400000700E99E05B3B16E8015E24BEB924418783FDCBD74EBF9EED4B4701FDA617AE45E2C522B6E501732B025320A0420000701299E057592B7273258219DB65969A6860C241122766E06FB735994A5B1EF87EAE016B0800000E2213FCF11D0BCC158AE669087A9897B5B48B8D02DFB50173BA20E741470000779109BA94BFA712ECD9845FD99FFF7D470113060A9B27A6EE3A00001722139CF45B33F8612B0136017C6FD7670A4C14200C00001C472638CF0EF9DD2D00004B31C74CE079DE61A3A97FE721073CFBFE90A30100B04873CF049D6FF6EB39E0A91F0D3C4E12279C2400002CD5BC32C1D190DC3F48772686CE430DA9379C3A4E93EFFBE6C60300002CD16D33C165A5F8FE3AC1A923F7ECD09F1EAAC175822008C8040080A59A6926E8AF131C7EDAFF4E7F9DE06CEDA12DF0C9040080C5BA6126E89C700FA9DE0F2CEF9F3D77307C7B609D200C4232010060A9EE5A27E81CCEDB3B7416093AE3C5A95FD4F3D3B1DB4D61182AA53A7F040080EBE695093A77EBD9B96787B3E70EAA560EE82F12685114910900004BE54626E819A7FB0FD5BFCF5159E2ECFED40900000B76F36B11DB53F3B3A378FB0C42FF91CF1EF3EC11AA617502110932010060A9667D7F82CE374F0DDB3DC3F9901AC3903A8110424A39F8DB0000E092796582998BE3984C0000582A32C108D40900000B46261821891332010060A9C8042324B5A97B0100C04D90094648D3944C0000582A32C1083A10A4493A752F0000B80932C108D40900000B462618414A19C7F1D4BD0000E026C804236459268498BA170000DC04996004EA0400800523138C409D0000B060648211945251144DDD0B00006E824C3002990000B060648211C80400800523138C90E779188653F70200809B20130CE2B504413075A70000B82632C1204288662010B5A93B0500C03591090651B96A6682288C945253770A00806B22130C1504C1A148C0AA0200C0F2900986CA6476C80452CAA9BB0300C095910946F07DDFAE2E2CAB72EABE00007065648211E238D69980471E000016894C308ECE046549910000B04064020000609009000080412600000006990000001864020000609009000080B1C04C20A4F262B9F263FDFA6F1BDAD7D3CFC6DCB6DF3DA1FBB98DD2482AAE7204004C683999A028CBBD90CFBBE8691BD583AE93ED264C55413200004C602199408FA42F3B7198797BB18CB33CC9F2A21E5FEDF47B9EADEDA75F17360E2504DD7F720100E0CE9690097622B5F3ECCFC0C480A9BB73395594EB30B1DFE52B4C0A4E250000EEC8F94CB08D742030736B9D07E630EFBF4AE5E0796762C1CA8F09050080BB713B1344A9D2B36A1D08D22C9FBA2FD794E5C5EBDE9C0AD90B1ECA0C00B8138733415E14760D4198AA39CCEFAFDB26596E4F2248E5F0D9100080431CCE043B21ED79F7A93B722BFB58EA58B0F279343300E01E5CCD047A2E6D2FF1B7D3E839CCECAFDEEAD74BBDB020558B3A330200982757338190EA11E6D0DB28FDAFBE3471EA8E000096CFD54C60074B3F5EC8B506A7DA3AFA846F9EB8F4EF0400C050AE6682951F3F6DA36459971BB41565A5A3CFEB9E4C0000B839573381BD544FE5C51C66F3376DEDD50717FE99000018CCD54C609F0EF0080F0DAAEFC8144DDD0B00C0F2399C09ECEC79D49C7BB55AD9EDD55F9DFB9F7A7FC83EEDF7871CED449D20A44E0000B8038733C105B3673B3037378EDEECD773C0533F1A789C1E977D530000C67235133C8DAC131C0DC9FD7582E63B9D3FED090D632B0A67DBFFA8130000EEC2D54C708B3A41E77FFB77E839CEE14DEA04000027389C092E5B4FD05F2738FCB4FF9DFE3AC1D9DA03EB09000033E47026183B7B3E3B471F5245E8F969E736750200802B5CCD0417AC2768B66DA3D6135C659BF5040080597135135C653D41CF94BD6787FE730747BFA8BDFFD83E53270000DC87C399E01FEF4F503546EBCEFD87CCE9FB3FDB6C2FAE13B09E0000701F0E67828BEB04CD40706AB7B3FB340FD873848A3A0100C011AE66827FBC3F41FB0A82E63EA73E3BB64EC07A020080435CCD048F337B7E9C6F0A009896C399E082F5042EB6AC270000DC87AB99E06517E9D9B3CA8BA93B7273F69B4EDD0B00C0F2B99A093EFC58CF9E53954F3E8FBF75ABBFE6F38E4C0000B8395733C13A4CF4EC394CB3A93B725B595EE84CF0EE89A93B0200583E57334190647AB0D4C960F279FC4DDBBD904FDB7013A597FE9D000018CAD54CA0F2E2691BE9F1322FCAA9FB7243EF9E39459264F9D41D01002C9FAB9940FB0CCC78B9ADE7D07398D35FBD1552E92FF8B28BCA72C9B9070030130E67027BAEFD791B49B5C0AB0F8AF2FB8A832059F89A0900C04C389C09B44D94EA58F0BA17F6A2C4C967F6D76AF5CB5E58C1EA4200C0DDB89D09CAEA77ECCC9672AF82A2AC567EFCB48D5E76915AF46A0900C0ACB89D09AAFA0C825D88F7BCFB2EB34F3ECBFF9736964A4701FB75E452520E00C009CE6782AA1E4AD7616A9F0BF0B6175E2C9D5B61A08AD24F321B6EF4B778F704150200C09D2D2113587196EB40609F83609F116027DC76BBF9FEACB6DB7DF61339F5DF1200F0889693092C21D5364AED8A7D3BE776A2D51DDE84A9EE7C59511E00004C6369990000005C864C0000000C3201000030C8040000C02013000000E3CA99C0F3BC7FDCE1B08FD7D2B9E7C0DDCEF6A7BD0100C043B94E26E81C9B4F8DD36787FCF6A87CF4D3F6A78E3686F7676C2688E378C4DF050000775CAD4ED01E687B06EC9E8F0F1CA47BC6FE531FE9F9ECD95FD7F93501005892EE4C70D9C8D739B8F61700FA3F5B3546EEE1FB9F3A78CFEFEDEFF6C0430100E0B4EB64829E12FDD84CD04C00A78AFCEDB3003D61A2B357A70EDBDCE8E9270000CBD391094E8D9D1704856A642638F5C19E7D4E0DF9A77EEFA9EFD5F9C1FE7E0200B02483EA0443C6CB9E0AC1C08F37373A87FC213D3CD59FCED0D09921C8040080C774CD4C70B47D41261832FCB78FD9991B86D7098677F2EC4F010070D76D33C1F0B27CFB37F67FAA27013477E8A913747EB5769FFBFB0900C062746782AA6BD03D3B813E1A77DB83EB55EA049D3DB978727F546FE8ECF6F05F040080BB4E6682B13AEB043DFB34DF3C35CC9F9DE29FDD67F8EF3D0A07640200C0A3B95A267810640200C0529109C621130000968A4C300E990000B054648271C8040080A522138C432600002C1599601C32010060A9C804E3900900004B452618874C0000582A32C138640200C0529109C621130000968A4C300E990000B054648271C8040080A522138C432600002C1599601C32010060A9C80483B49FC81C04C1D49D0200E09AC8048308219A8140D4A6EE140000D744261844E5AA9909A230524A4DDD290000AE894C30541004872241188653770700802B23130C95C9EC9009A49453770700802B23138CE0FBBE5D5D5856E5D47D0100E0CAC80423C471AC33816EA7EE080000D7472618476782B2A448000058203201000030C8040000C02013000000834C0000000C3201000030C8040000C0586026105279B15CF9B17EFDB70DEDEBE967636EDBEF9ED0FDDC466924155739020026B49C4C5094E55EC8E75DF4B48DEA41D7C97613A6AA2019000026B0904CA047D2979D38CCBCBD58C6599E6479518FAF76FA3DCFD6F6D3AF0B1B871282EE3FB9000070674BC8043B91DA79F6676062C0D4DDB99C2ACA7598D8EFF2152605A712000077E47C26D8463A1098B9B5CE037398F75FA572F0BC33B160E5C7840200C0DDB89D09A254E959B50E0469964FDD976BCAF2E2756F4E85EC050F650600DC89C399202F0ABB86204CD51CE6F7D76D932CB72711A472F86C0800C0210E67829D90F6BCFBD41DB9957D2C752C58F93C9A1900700FAE66023D97B697F8DB69F41C66F6576FF5EBA55E5890AA459D190100CC93AB994048F50873E86D94FE575F9A3875470000CBE76A26B083A51F2FE45A83536D1D7DC2374F5CFA77020060285733C1CA8F9FB651B2ACCB0DDA8AB2D2D1E7754F260000DC9CAB99C05EAAA7F2620EB3F99BB6F6EA830BFF4C00000CE66A26B04F0778848706D577648AA6EE050060F91CCE0476F6DC9C55AF56ABAA77CEAD77383B2FB7FBAC5A3AF76C6B1FB3A75787FD0FFBB48FF0F4F34D0100B8298733C161F6DC39361F0DE707F6BF3DFB1CED7FF44EE7A78E3686F7E7D4114E7D5300006EC7D54CF0F4B74ED09C8B1F06E6AA6B2E7E6AC67F6ABEDEB37FE7787FB61AD1FE6CE7EF3DB4FF51270000DC85AB99A03D7B6E0EAEEDFF565D53F0FECF568D19FFF0FD4F1DBCE7F7F6779B3A0100E03E1CCE04873A414F89BE5D3F1832773F557B68FFAE9EEA424FAF3AEB13CD3E54AC270000DC9DC399A07FF67C419DE0D4077BF6E91CF27B7EEFD1618FB24BE7EFA54E0000B80F5733417B3DC1A90A41E7BCBF7F3D41E790DFB9FFA9239FAD131CFE7BF6BA03D6130000EEC3D54C70347BEE99E8F74CC1DB1F69CEF57B3ED53C66BB48D0D99FCEA30DE924750200C07D389C09CE5E77B0FA7B15C0903AC1D1D9FD539F3AAA1C5C5027A84ED42756AD2B17584F0000B80F8733C1519DE068DC3DAA165457AA13B477E83FF290DFDB3C6CBBDBD4090000F7E16A26187E7F82CE7DDAF7221C7B8FC253658081F7313CDAFFB04FFB38AC270000DC87AB99E07166CF8FF34D0100D3723813B49F77B0C896F5040080FB703513BCEC223D7B56793175476ECE7ED3A97B0100583E5733C1871FEBD973AAF2C9E7F1B76EF5D77CDE9109000037E76A265887899E3D87693675476E2BCB0B9D09DE3D3175470000CBE76A2608924C0F963A194C3E8FBF69BB17F2691B6EA2F4D2BF13000043B99A09545E3C6D233D5EE64539755F6EE8DD33A748922C9FBA230080E5733513689F81192FB7F51C7A0E73FAABB7422AFD055F7651592E39F7000066C2E14C60CFB53F6F23A91678F541517E5F7110240B5F3301009809873381B689521D0B5EF7C25E9438F9CCFE5AAD7ED90B2B585D0800B81BB7334159FD8E9DD952EE555094D5CA8F9FB6D1CB2E528B5E2D01009815B73341559F41B00BF19E77DF65F6C967F9FFD2C652E92860BF8E5C4ACA010038C1F94C50D543E93A4CED7301DEF6C28BA5732B0C5451FA4966C38DFE16EF9EA0420000B8B32564022BCE721D08EC7310EC3302EC84DB6E37DF9FD576BBCF7E22A7FE5B02001ED172328125A4DA46A95DB16FE7DC4EB4BAC39B30D59D2F2BCA030080692C2D13000080CB9009000080412600000006990000001864020000609009000080412618278EE3A9BB0000C04D9009C6F13C6FEA2E00007013648271C8040080A522138C432600002C1599601C32010060A9C804E3F46402AFD7A8430100707F648271FA33C1D91F8D0A0D0000DC1399609C0BEA04ED4F35FF4B1A0000CC0499609C7FA913F49F5C201C0000A645261867ECC0DFFE54FB08A40100C01C9009C6199209DA3B1FBD498500003043648271AE9209861F130080BB21138C73957307D409000033442618E71FEB04CD7DB8FA0000302B648271FEE5BA83AA95064E45040000EE8F4C30CED84CD03C3BD08C02ED7307640200C0B4C804E330720300968A4C300E990000B054648271C8040080A522138C432600002C1599601C32010060A9C804E3900900004B452618874C0000582A32C138640200C05291090669DF65280882A93B0500C0359109061142340381A84DDD290000AE894C3088CA5533134461A4949ABA5300005C139960A820080E4582300CA7EE0E0000574626182A93D921134829A7EE0E000057462618C1F77DBBBAB0ACCAA9FB0200C09591094688E3586702DD4EDD110000AE8F4C308ECE046549910000B04064020000609009000080412600000006990000001864020000609009000080B1C04C20A4F262B9F263FDFA6F1BDAD7D3CFC6DCB6DF3DA1FBB98DD2482AAE7204004C683999A028CBBD90CFBBE8691BD583AE93ED264C55413200004C602199408FA42F3B7198797BB18CB33CC9F2A21E5FEDF47B9EADEDA75F17360E2504DD7F720100E0CE9690097622B5F3ECCFC0C480A9BB73395594EB30B1DFE52B4C0A4E250000EEC8F94CB08D742030736B9D07E630EFBF4AE5E0796762C1CA8F09050080BB713B1344A9D2B36A1D08D22C9FBA2FD794E5C5EBDE9C0AD90B1ECA0C00B8138733415E14760D4198AA39CCEFAFDB26596E4F2248E5F0D9100080431CCE043B21ED79F7A93B722BFB58EA58B0F279343300E01E5CCD047A2E6D2FF1B7D3E839CCECAFDEEAD74BBDB020558B3A330200982757338190EA11E6D0DB28FDAFBE3471EA8E000096CFD54C60074B3F5EC8B506A7DA3AFA846F9EB8F4EF0400C050AE6682951F3F6DA36459971BB41565A5A3CFEB9E4C0000B839573381BD544FE5C51C66F3376DEDD50717FE99000018CCD54C609F0EF0080F0DAAEFC8144DDD0B00C0F2399C09ECECB97F9EBD5AAD3AB70FAD7ED3B6473AF76CEBFF8D9DBFABB94FE7115A7582903A0100E00E1CCE040367CF7600B6EDA99F9E7AA71D149A3B1C8EDCAF7DE4F6468FE1DF1400807FE16A26781A5027E819A44FCDD747D5120EEFF7F7E1E8B39DBFB7A7FD8F3A0100E02E5CCD044366CF9DB3F09EC97A7B66DFDC61E02CBF67EADF5369E8F916D4090000F7E17026185227E839DFDF9CEB577F2B04ED7D3AF76CBE73B626D1DEFF70FCFE6FC17A0200C07D389C0986D4094E8DD3CD7DAAAE99FAAAB50EA0E750ED9DDBDB872354E72A0D177C530000FE9DAB9960C87A82B36D73841E32BF3FB5E6E06C9DE0F0DF0BAE3B603D0100E03E5CCD040367CF3DF3F29EB241E741AAAEDCD079D853476B77833A0100603E1CCE04FD7582661AE8BFB2A073065FFDAD1334DFBFA04ED0D987C3EFEDAF16B09E0000701F0E6782FED9F35185A0FDE6903A417B87F63EC37F7A546F38D5C923D4090000F7E16A26E85F4FB03A7D45C0F03B190CA9040CBC8FE1D1FEAB46F5A2A75715EB09000077E46A26789CD9F3E37C5300C0B41CCE04FF7EDD81132DEB090000F7E16A2678D9457AF6ACF262EA8EDC9CFDA653F70200B07CAE66820F3FD6B3E754E593CFE36FDDEAAFF9BC231300006ECED54CB00E133D7B0ED36CEA8EDC5696173A13BC7B62EA8E000096CFD54C1024991E2C7532987C1E7FD3762FE4D336DC44E9A57F27000086723513A8BC78DA467ABCCC8B72EABEDCD0BB674E9124593E75470000CBE76A26D03E03335E6EEB39F41CE6F4576F8554FA0BBEECA2B25C72EE0100CC84C399C09E6B7FDE46522DF0EA83A2FCBEE2204816BE66020030130E67026D13A53A16BCEE85BD2871F299FDB55AFDB21756B0BA100070376E6782B2FA1D3BB3A5DCABA028AB951F3F6DA3975DA416BD5A0200302B6E6782AA3E836017E23DEFBECBEC93CFF2FFA58DA5D251C07E1DB9949403007082F399A0AA87D27598DAE702BCED85174BE75618A8A2F493CC861BFD2DDE3D4185000070674BC804569CE53A10D8E720D86704D809B7DD6EBE3FABED769FFD444EFDB704003CA2E564024B48B58D52BB62DFCEB99D6875873761AA3B5F5694070000D3585A26000000972113000000834C0000000C3201000030C8040000C02013000000834C5079B5E67F7B768EE3F8F63D020060026E6482FE71FA8AC73FCA07F7EF0900005321131C1F9F4C0000784C0E6402EF47FBCD211F3C3A48E771C8040000389009AAD648DC1CE9CF7E64D446FF31CBB2F47D7F54CF010070C59233C1510DE0DF3341511441108CEE3D00002E58722638F50E9900008036373241D575C5E0C0F50476B7F6F6D13EEDDDDAC804008005732613CC81CA55188653F70200809B20138CA0948AA268EA5E00007013648211C80400800523138C90AB9C4C0000582A32C10832934288A97B0100C04D900946C8B28C4C0000582A32C108524A9E8B0800582A32C1085996C5824C0000582632C108496DEA5E00007013648211D23425130000968A4C30820E0469924EDD0B00006E824C3002750200C08291094610424829A7EE05000037412618218E6332010060A9C80423502700002C1899608458C459964DDD0B00006E824C709EEFF9DE5F61184EDD290000AE8C4C705E1445CD4090C4094F3D00002C0F99E0BC222F8E8A044AA9A93B0500C0959109060983D00682288A38710000582432C120524A9B09442452C9AD0C01000B442618CAF77CF3F2FDA93B0200C04D9009864A92C4F3BC38E659C900806522130C5556A5EFF945514CDD1100006E824C0000000C3201000030C8040000C02013000000834C0000000C3201000030C80467946599CB2C4B92348CEC2B09C32C49552ACB42FFB09CBA8300005C0799E084B2949108D79BFDCBFBEEF975F7FCD6685FBFB75FDEF40E3A25944541380000B88E4CD0210943EFEDE330FCEF5FDEFC8FCFE0731D6DB662B30B3EBFF47F7520F8DDE1ED3D0942733BA3B2221C00001C4526F8A350CA8CF776A47F7DD721208B44A5549517559EFF69559E4591DEE1100EF407CD098592130A00002791097E65717218E0C5765F4859278033AF32CB4C32A84F2BEC5FDED24814F65402C10000E01432C1371308EA34E07DAC8A541E5705CEB57992FA1FABE3580000803BC804864A521B08C2AF757DA6E07C79A0E3A594FEB839CE4F2CB02B0C0000700299C0AC21D8BF9A8B0B82CFAF9F017E4485E0A8D507B16B11B234A55A0000700899A0F2DE4DCDDF7BFFA8B2EE0A412165E2F9E1D7468FF7E1E7976EC5662783F0D4F2027BCD823EAC528A58000070C5A36782C40FEA6AFF6BE71A023DC0EBE1FFCF3D091ADBFBD7F7D40FDA9F2AD2745FAF55147B3FD729815B1B01005CF0D099400FD5F6AC41BCF3DA33FE3C49ED4FFB5FE1D7464787A3CFC6DB9D5D58906519B10000E08487CE046918D973FFDF83BA5D5DA8EA4010277F03C15BCF76F0F1D9FCACD9CE94BDAC51787EAE72CE200000E6EFA133815D0F186DB67A0837B1A0D11EEE5C34F015EFBCA323D4372D78F5579FB654C035080080997BDC4C604E1CD453F92C12A594A5CC0E6DEAF9032B04CDED3C499AC7C9A2C8BE9F49A994E2F4010060E61E37132829ED2D868A343D7AEDDFCE2F2368BFA2CDF6E838BB97BA8410453A13985505640200C08C3D6E269022B60F292892444FF10FAD0CC2B11582EF1B20BE7DE471D23C9A3D0121FC20CBB222AF6F610400C05C3D6E26B00B0CC3AF8D12228FE3431BEFF6171409ECAB791CDD7EAF57D87B664981E2EA0300C0AC3D6E2648C250CFF2C3F526174245E2D046EBCDD80AC1613BF5FDE6D1A2AF8DBD4B4126337BF5C1D45F1A0080931E3713D83A814E002A8AF42BAB5BFD1226135C5827907E70388E7ED9C71FD83A01F7340400CCDCA36782E06B7D5427689C3B185D2D681E47B7C1E7FAB84E40240000CCD5E36682C31AC3A3F5048D3586E35EFBB7F7A3F504F6490AC2F3A9130000E6EF71334196A66696FFF27674DD816EED438CC6560BC47AFBE738716CEF7F9044823A010060FE1E37139445F9BD0820088FEE2B90ECBD0BEA044A88E6410EF5863449A8130000E6EF7133819EB21FEE6D7C741F43DDFAA6EC3F623D41BCDB1F1D21ACD72A7A1F2B29E5EFED8D010098AB87CE04899DCABFBC157A14FFFBB482FA19486F032B04C1EAF3E88909452AED898368EFA569AA32C5D311010033F7C099C09C3E28ECC82DB6BB3F4F35ACB77F16169CA910983283CE017F3F2B36E659C9FBD7F7244932C989030080031E3B1394A5F07D5B2AD009C00CE747AF4CE9B870AA3CA013830CC2F6A7F2E4FB4907E1762753A9F1B86400C0FC3D7426D0F4506D9F4AE0BDAFCC743F2FEA71FD4FABDF4FFD20DA6CC3CFAFE0F32BFC5CC7BB7D1689F69E3646D8EA826ED3D42482EF130725270E0000B3F6E899408FD3592AEDD2013DDE77940A46BEFCD5972D3CC491D099802B0E0000AE78F44C509526164821ECC282E0737DAA5A70BE55CA371732D40B14FCC00402BB9280272202005CF0F099A02E15E8313B8DC4F72A81F78F3C4DC796078A34DDFFDCE9C806823F972052230000CC1E99C038C482FDEBBBB95EE0E52DDA6CAB4C0DA9109459A677DE9932C39BFEE0A142609F8F4C200000B8824C502BCD6D0DF5F82D93D43EA4C0AE0988D61B1945DFD7191EBD94CA2211AE37F6A483BD0CC1AE21F8AE10E84090172C2D0400B8824CF0CB560B9452B11FD88281BD0F811EF5FD8F4FFFF32BDA6CF52BF85C7B1FABFDCB6107731F8268B74F93D42E2A3C54084C1A200F00001C412668F8A916E4799EC94CF881B9F9F1CBE93B18EAACB0FA8CF65E12C7F63E04DF8120FF0E04540800000E21131C33237951EA715DCFF5CD082F6512893808F5D82FF6BE6DF57FF59B69927C47813A0C287391C1CF55066545850000E0163241071B0B6CC140D5B2065B0F3854056C14C8CD7D89EA385007022A040000E790094EA827FAE61480FEA7C7FADCE4031B11F4F07F0801968D029C2C0000388D4CD0AB9EF1DBB587B672D056364CDD5D00002E472618AC1EF1EDA504BF6DC5BA0100C04290090000804126000000069900000018640200006090090000804126000000069900000018640200006090090000804126000000069900000018640200006090090000804126000000069900000018640200006090090000804126000000069900000018640200006090090000804126000000069900000018640200006090090000804126000000069900000018FF03C116BBC2C115AD4C0000000049454E44AE426082',70001,'process.png');

#
# Source for table "jbpm4_job"
#

DROP TABLE IF EXISTS `jbpm4_job`;
CREATE TABLE `jbpm4_job` (
  `DBID_` bigint(20) NOT NULL,
  `CLASS_` varchar(255) NOT NULL,
  `DBVERSION_` int(11) NOT NULL,
  `DUEDATE_` datetime default NULL,
  `STATE_` varchar(255) default NULL,
  `ISEXCLUSIVE_` bit(1) default NULL,
  `LOCKOWNER_` varchar(255) default NULL,
  `LOCKEXPTIME_` datetime default NULL,
  `EXCEPTION_` longtext,
  `RETRIES_` int(11) default NULL,
  `PROCESSINSTANCE_` bigint(20) default NULL,
  `EXECUTION_` bigint(20) default NULL,
  `CFG_` bigint(20) default NULL,
  `SIGNAL_` varchar(255) default NULL,
  `EVENT_` varchar(255) default NULL,
  `REPEAT_` varchar(255) default NULL,
  PRIMARY KEY  (`DBID_`),
  KEY `FK_JOB_CFG` (`CFG_`),
  CONSTRAINT `FK_JOB_CFG` FOREIGN KEY (`CFG_`) REFERENCES `jbpm4_lob` (`DBID_`)
) ENGINE=InnoDB DEFAULT CHARSET=utf8;

#
# Data for table "jbpm4_job"
#


#
# Source for table "jbpm4_property"
#

DROP TABLE IF EXISTS `jbpm4_property`;
CREATE TABLE `jbpm4_property` (
  `KEY_` varchar(255) NOT NULL,
  `VERSION_` int(11) NOT NULL,
  `VALUE_` varchar(255) default NULL,
  PRIMARY KEY  (`KEY_`)
) ENGINE=InnoDB DEFAULT CHARSET=utf8;

#
# Data for table "jbpm4_property"
#

INSERT INTO `jbpm4_property` VALUES ('next.dbid',8,'80001');

#
# Source for table "jbpm4_swimlane"
#

DROP TABLE IF EXISTS `jbpm4_swimlane`;
CREATE TABLE `jbpm4_swimlane` (
  `DBID_` bigint(20) NOT NULL,
  `DBVERSION_` int(11) NOT NULL,
  `NAME_` varchar(255) default NULL,
  `ASSIGNEE_` varchar(255) default NULL,
  `EXECUTION_` bigint(20) default NULL,
  PRIMARY KEY  (`DBID_`),
  KEY `FK_SWIMLANE_EXEC` (`EXECUTION_`),
  CONSTRAINT `FK_SWIMLANE_EXEC` FOREIGN KEY (`EXECUTION_`) REFERENCES `jbpm4_execution` (`DBID_`)
) ENGINE=InnoDB DEFAULT CHARSET=utf8;

#
# Data for table "jbpm4_swimlane"
#


#
# Source for table "jbpm4_task"
#

DROP TABLE IF EXISTS `jbpm4_task`;
CREATE TABLE `jbpm4_task` (
  `DBID_` bigint(20) NOT NULL,
  `CLASS_` char(1) NOT NULL,
  `DBVERSION_` int(11) NOT NULL,
  `NAME_` varchar(255) default NULL,
  `DESCR_` longtext,
  `STATE_` varchar(255) default NULL,
  `SUSPHISTSTATE_` varchar(255) default NULL,
  `ASSIGNEE_` varchar(255) default NULL,
  `FORM_` varchar(255) default NULL,
  `PRIORITY_` int(11) default NULL,
  `CREATE_` datetime default NULL,
  `DUEDATE_` datetime default NULL,
  `PROGRESS_` int(11) default NULL,
  `SIGNALLING_` bit(1) default NULL,
  `EXECUTION_ID_` varchar(255) default NULL,
  `ACTIVITY_NAME_` varchar(255) default NULL,
  `HASVARS_` bit(1) default NULL,
  `SUPERTASK_` bigint(20) default NULL,
  `EXECUTION_` bigint(20) default NULL,
  `PROCINST_` bigint(20) default NULL,
  `SWIMLANE_` bigint(20) default NULL,
  `TASKDEFNAME_` varchar(255) default NULL,
  PRIMARY KEY  (`DBID_`),
  KEY `FK_TASK_SWIML` (`SWIMLANE_`),
  KEY `FK_TASK_SUPERTASK` (`SUPERTASK_`),
  CONSTRAINT `FK_TASK_SUPERTASK` FOREIGN KEY (`SUPERTASK_`) REFERENCES `jbpm4_task` (`DBID_`),
  CONSTRAINT `FK_TASK_SWIML` FOREIGN KEY (`SWIMLANE_`) REFERENCES `jbpm4_swimlane` (`DBID_`)
) ENGINE=InnoDB DEFAULT CHARSET=utf8;

#
# Data for table "jbpm4_task"
#


#
# Source for table "jbpm4_participation"
#

DROP TABLE IF EXISTS `jbpm4_participation`;
CREATE TABLE `jbpm4_participation` (
  `DBID_` bigint(20) NOT NULL,
  `DBVERSION_` int(11) NOT NULL,
  `GROUPID_` varchar(255) default NULL,
  `USERID_` varchar(255) default NULL,
  `TYPE_` varchar(255) default NULL,
  `TASK_` bigint(20) default NULL,
  `SWIMLANE_` bigint(20) default NULL,
  PRIMARY KEY  (`DBID_`),
  KEY `FK_PART_SWIMLANE` (`SWIMLANE_`),
  KEY `FK_PART_TASK` (`TASK_`),
  CONSTRAINT `FK_PART_SWIMLANE` FOREIGN KEY (`SWIMLANE_`) REFERENCES `jbpm4_swimlane` (`DBID_`),
  CONSTRAINT `FK_PART_TASK` FOREIGN KEY (`TASK_`) REFERENCES `jbpm4_task` (`DBID_`)
) ENGINE=InnoDB DEFAULT CHARSET=utf8;

#
# Data for table "jbpm4_participation"
#


#
# Source for table "jbpm4_variable"
#

DROP TABLE IF EXISTS `jbpm4_variable`;
CREATE TABLE `jbpm4_variable` (
  `DBID_` bigint(20) NOT NULL,
  `CLASS_` varchar(255) NOT NULL,
  `DBVERSION_` int(11) NOT NULL,
  `KEY_` varchar(255) default NULL,
  `CONVERTER_` varchar(255) default NULL,
  `HIST_` bit(1) default NULL,
  `EXECUTION_` bigint(20) default NULL,
  `TASK_` bigint(20) default NULL,
  `LOB_` bigint(20) default NULL,
  `DATE_VALUE_` datetime default NULL,
  `DOUBLE_VALUE_` double default NULL,
  `CLASSNAME_` varchar(255) default NULL,
  `LONG_VALUE_` bigint(20) default NULL,
  `STRING_VALUE_` varchar(255) default NULL,
  `TEXT_VALUE_` longtext,
  `EXESYS_` bigint(20) default NULL,
  PRIMARY KEY  (`DBID_`),
  KEY `FK_VAR_EXESYS` (`EXESYS_`),
  KEY `FK_VAR_LOB` (`LOB_`),
  KEY `FK_VAR_TASK` (`TASK_`),
  KEY `FK_VAR_EXECUTION` (`EXECUTION_`),
  CONSTRAINT `FK_VAR_EXECUTION` FOREIGN KEY (`EXECUTION_`) REFERENCES `jbpm4_execution` (`DBID_`),
  CONSTRAINT `FK_VAR_EXESYS` FOREIGN KEY (`EXESYS_`) REFERENCES `jbpm4_execution` (`DBID_`),
  CONSTRAINT `FK_VAR_LOB` FOREIGN KEY (`LOB_`) REFERENCES `jbpm4_lob` (`DBID_`),
  CONSTRAINT `FK_VAR_TASK` FOREIGN KEY (`TASK_`) REFERENCES `jbpm4_task` (`DBID_`)
) ENGINE=InnoDB DEFAULT CHARSET=utf8;

#
# Data for table "jbpm4_variable"
#

