<?xml version="1.0" encoding="UTF-8"?>

<process name="费用报销流程" xmlns="http://jbpm.org/4.4/jpdl">
   <start g="110,16,48,48" name="start1">
      <transition to="提交申请"/>
   </start>
   <end g="110,348,48,48" name="end1"/>
   <task assignee="wangxiaosheng" g="205,262,92,52" name="总经理审批">
      <transition to="end1"/>
   </task>
   <task assignee="zhangxiaoyu" g="88,180,92,52" name="部门经理审批">
      <transition name="总经理审批" to="总经理审批" g="-1,-23"/>
      <transition name="结束" to="end1" g="-31,-22"/>
   </task>
   <task assignee="#{application.applicant.loginName}" g="88,96,92,52" name="提交申请">
      <transition name="to 部门经理审批" to="部门经理审批" g="-95,-17"/>
   </task>
</process>